0,1,2,3,4,5,6,7,8,9,10,11,12,13,14,15,16,17,18,19,20,21,22,23,24,25,26,27,28,29,30,31,32,33,34,35,36,37,38,39,40,41,42,43,44,45,46,47,48,49,50,51,52,53,54,55,56,57,58,59,60,61,62,63,64,65,66,67,68,69,70,71,72,73,74,75,76,77,78,79,80,81,82,83,84,85,86,87,88,89,90,91,92,93,94,95,96,97,98,99,100,101,102,103,104,105,106,107,108,109,110,111,112,113,114,115,116,117,118,119,120,121,122,123,124,125,126,127,128,129,130,131,132,133,134,135,136,137,138,139,140,141,142,143,144,145,146,147,148,149,150,151,152,153,154,155,156,157,158,159,160,161,162,163,164,165,166,167,168,169,170,171,172,173,174,175,176,177,178,179,180,181,182,183,184,185,186,187,188,189,190,191,192,193,194,195,196,197,198,199,200,201,202,203,204,205,206,207,208,209,210,211,212,213,214,215,216,217,218,219,220,221,222,223,224,225,226,227,228,229,230,231,232,233,234,235,236,237,238,239,240,241,242,243,244,245,246,247,248,249
红楼梦,活着,百年孤独,1984,飘,"三体全集

                
                   : 地球往事三部曲",三国演义（全二册）,白夜行,福尔摩斯探案全集（上中下）,动物农场,小王子,房思琪的初恋乐园,天龙八部,撒哈拉的故事,安徒生童话故事集,哈利•波特,"人类简史

                
                   : 从动物到上帝",围城,"沉默的大多数

                
                   : 王小波杂文随笔全编",平凡的世界（全三部）,霍乱时期的爱情,局外人,"明朝那些事儿（1-9）

                
                   : 限量版",杀死一只知更鸟,笑傲江湖（全四册）,月亮和六便士,肖申克的救赎,基督山伯爵,中国历代政治得失,追风筝的人,东方快车谋杀案,万历十五年,夹边沟记事,嫌疑人X的献身,江城,"寻路中国

                
                   : 从乡村到工厂的自驾之旅",刀锋,呐喊,射雕英雄传（全四册）,"新名字的故事

                
                   : 那不勒斯四部曲-02","冰与火之歌

                
                   : （1-5卷：权力的游戏、列王的纷争、冰雨的风暴、群鸦的盛宴、魔龙的狂","城南旧事

                
                   : 纪念普及版",傲慢与偏见,乡土中国,格林童话全集,"失踪的孩子

                
                   : 那不勒斯四部曲-04","黄金时代

                
                   : 时代三部曲","我与地坛

                
                   : 史铁生代表作","历史深处的忧虑

                
                   : 近距离看美国之一",无人生还,"文学回忆录（全2册）

                
                   : 1989—1994",神雕侠侣,"上帝掷骰子吗

                
                   : 量子物理史话",史记（全十册）,悲惨世界（上中下）,艺术的故事,许三观卖血记,哭泣的骆驼,"白鹿原

                
                   : 20周年精装典藏版",看见,浪潮之巅,灿烂千阳,卡拉马佐夫兄弟,树上的男爵,邓小平时代,人间词话,台北人,窗边的小豆豆,爱你就像爱生命,"永恒的终结

                
                   : 关于时间旅行的终极奥秘和恢宏构想",西游记（全二册）,我们仨,诗经,"巨人的陨落

                
                   : 世纪三部曲",悉达多,这些人，那些事,一个叫欧维的男人决定去死,教父,道德经精义,看不见的城市,海子的诗,"呼兰河传

                
                   : 1947年版本・原版珍藏",飞鸟集,"最好的告别

                
                   : 关于衰老与死亡，你必须知道的常识",鹿鼎记（全五册）,梦里花落知多少,唐诗三百首,人生的枷锁,朝花夕拾,斯通纳,边城,你当像鸟飞往你的山,"时间简史

                
                   : 插图本",罗杰疑案,金色梦乡,王尔德童话,陆犯焉识,一个陌生女人的来信,冬牧场,"叫魂

                
                   : 1768年中国妖术大恐慌",人生的智慧,美的历程,孩子你慢慢来,國史大綱（上下）,史蒂夫·乔布斯传,彷徨,爱的艺术,鼠疫,苏菲的世界,野草,"我也有一个梦想

                
                   : 近距离看美国之三",九州·缥缈录,送你一颗子弹,万水千山走遍,浮生六记,目送,亲爱的安德烈,情书,"野火集

                
                   : 二十年纪念版","昨日的世界

                
                   : 一个欧洲人的回忆",球状闪电,经济学原理（上下）,倾城之恋,孽子,绿毛水怪,"离开的，留下的

                
                   : 那不勒斯四部曲-03","不能承受的生命之轻

                
                   : 中文全译本百万纪念版",解忧杂货店,亮剑,银河系漫游指南,面纱,古文观止,温柔的夜,"渴望生活

                
                   : 梵高传","激荡三十年

                
                   : 中国企业1978-2008（珍藏图文版）","麦琪的礼物

                
                   : 欧·亨利短篇小说经典",我的阿勒泰,"枪炮、病菌与钢铁

                
                   : 人类社会的命运",阿勒泰的角落,半生缘,尼罗河上的惨案,万物有灵且美,"民主的细节

                
                   : 美国当代政治观察随笔","总统是靠不住的

                
                   : 近距离看美国之二",最好的我们,"全球通史

                
                   : 从史前史到21世纪",献给阿尔吉侬的花束,"社会心理学

                
                   : （第8版）","天朝的崩溃

                
                   : 鸦片战争再研究","德米安

                
                   : 埃米尔·辛克莱的彷徨少年时",四世同堂,荆棘鸟,霸王别姬,小径分岔的花园,罗生门,"我不知道该说什么，关于死亡还是爱情

                
                   : 来自切尔诺贝利的声音",上学记,倚天屠龙记(共四册),"此生未完成

                
                   : 一个母亲、妻子、女儿的生命日记",顾城的诗,"受戒

                
                   : 汪曾祺自选集","故事

                
                   : 材质、结构、风格和银幕剧作的原理",一句顶一万句,棋王,牧羊少年奇幻之旅,"正见

                
                   : 佛陀的证悟",雨季不再来,雷雨,"认识电影

                
                   : 插图第11版",理想国,"从一到无穷大

                
                   : 科学中的事实和臆测",一桩事先张扬的凶杀案,"黑客与画家

                
                   : 硅谷创业之父Paul Graham文集",草房子,水浒传（全二册）,巨流河,一千零一夜,圣经,"青铜时代

                
                   : 时代三部曲",火星救援,罪与罚,"我的天才女友

                
                   : 那不勒斯四部曲-01",失明症漫记,孙子兵法,人间草木,金锁记,中国哲学简史,"银河帝国：基地七部曲

                
                   : 基地七部曲(""银河帝国""百万册纪念版）",茶馆,设计中的设计,简爱（英文全本）,繁花,"狂热分子

                
                   : 群众运动圣经",海风中失落的血色馈赠,恶意,ZOO,"众病之王

                
                   : 癌症传","世界的凛冬

                
                   : 世纪三部曲 2",强风吹拂,影响力,额尔古纳河右岸,象棋的故事,毛姆短篇小说精选集,"你一生的故事

                
                   : 特德·姜科幻小说集",世界尽头与冷酷仙境,"香水

                
                   : 一个谋杀犯的故事","庄子

                
                   : 中华经典藏书",稻草人手记,夏洛的网,挪威的森林,佐贺的超级阿嬷,步履不停,论语,牡丹亭,社会契约论,告白,通往奴役之路,欢乐英雄,人类的群星闪耀时,二手时间,多情剑客无情剑(上、中、下),当呼吸化为空气,荒原狼,金阁寺,一个人的村庄,老人与海,"美国宪政历程

                
                   : 影响美国的25个司法大案","批评官员的尺度

                
                   : 《纽约时报》诉警察局长沙利文案",故事新编,"别闹了，费曼先生

                
                   : 科学顽童的故事",西方哲学史（上卷）,过于喧嚣的孤独,哈姆莱特,长袜子皮皮,美丽新世界,骆驼祥子,2001太空漫游,海底两万里,尘埃落定,心理学与生活,"规训与惩罚

                
                   : 监狱的诞生",那些回不去的年少时光·终场,心是孤独的猎手,呼啸山庄,社会性动物,小姨多鹤,娱乐至死,棋王·树王·孩子王,陆小凤传奇,了不起的盖茨比
[清] 曹雪芹 著,余华,[哥伦比亚] 加西亚·马尔克斯,[英] 乔治·奥威尔,[美国] 玛格丽特·米切尔,刘慈欣,[明] 罗贯中,[日] 东野圭吾,[英] 阿·柯南道尔,[英] 乔治·奥威尔,[法] 圣埃克苏佩里,林奕含,金庸,三毛,（丹麦）安徒生,J.K.罗琳 (J.K.Rowling),[以色列] 尤瓦尔·赫拉利,钱锺书,王小波,路遥,[哥伦比亚] 加西亚·马尔克斯,[法] 阿尔贝·加缪,当年明月,[美] 哈珀·李,金庸,[英] 毛姆,[美] 斯蒂芬·金,大仲马,钱穆,[美] 卡勒德·胡赛尼,[英] 阿加莎·克里斯蒂,[美] 黄仁宇,杨显惠,[日] 东野圭吾,[美] 彼得·海斯勒,[美] 彼得·海斯勒,[英]毛姆,鲁迅,金庸,[意] 埃莱娜·费兰特,[美]乔治·R.R.马丁,林海音 文,[英] 奥斯丁,费孝通,[德国]格林兄弟,[意] 埃莱娜·费兰特,王小波,史铁生,林达,[英] 阿加莎・克里斯蒂,木心 口述,金庸,曹天元,司马迁,[法] 雨果,[英] 贡布里希 (Sir E.H.Gombrich),余华,三毛,陈忠实,柴静,吴军,[美] 卡勒德·胡赛尼,[俄] 费奥多尔·陀思妥耶夫斯基,[意大利]伊塔洛·卡尔维诺,[美] 傅高义,王国维,白先勇,[日] 黑柳彻子 著,王小波,[美] 艾萨克·阿西莫夫,吴承恩,杨绛,孔丘 编订,[英] 肯·福莱特,[德] 赫尔曼·黑塞,吴念真,[瑞典] 弗雷德里克·巴克曼,[美]马里奥·普佐,黄元吉,[意大利]伊塔洛·卡尔维诺,海子,萧红,[印] 罗宾德拉纳德·泰戈尔,[美] 阿图·葛文德（Atul Gawande）,金庸,三毛,蘅塘退士,[英] 毛姆,鲁迅,[美] 约翰·威廉斯,沈从文,[美] 塔拉·韦斯特弗,[英] 史蒂芬·霍金,[英] 阿加莎·克里斯蒂,[日] 伊坂幸太郎,[英] 王尔德,严歌苓,[奥] 斯台芬·茨威格,李娟,[美] 孔飞力,[德] 阿图尔·叔本华,李泽厚,龙应台,錢穆,[美] 沃尔特·艾萨克森,鲁迅,[美] 艾·弗洛姆,(法)阿尔贝·加缪,[挪] 乔斯坦·贾德,鲁迅,林达,江南,刘瑜,三毛,（清）沈复,龙应台,龙应台,[日] 岩井俊二,龙应台,[奥] 斯蒂芬·茨威格,刘慈欣,[美] 曼昆,张爱玲,白先勇,王小波,[意] 埃莱娜·费兰特,米兰·昆德拉,[日] 东野圭吾,都梁,[英] 道格拉斯·亚当斯,(英)W.萨默塞特·毛姆,吴楚材,三毛,[美] 欧文·斯通,吴晓波,[美] 欧·亨利,李娟,[美] 贾雷德·戴蒙德,李娟,张爱玲,[英] 阿加莎·克里斯蒂,[英] 吉米·哈利,刘瑜,林达,八月长安,(美) 斯塔夫里阿诺斯,[美] 丹尼尔·凯斯,[美] 戴维·迈尔斯,茅海建,[德] 赫尔曼·黑塞,老舍,[澳] 考琳·麦卡洛,李碧华,[阿根廷] 豪·路·博尔赫斯,[日]芥川龙之介,S.A.阿列克谢耶维奇,何兆武 口述,金庸,于娟,顾城,汪曾祺,[美] 罗伯特·麦基,刘震云,阿城,[巴西] 保罗·柯艾略,宗萨蒋扬钦哲仁波切,三毛,曹禺,[美] 路易斯·贾内梯,[古希腊] 柏拉图,[美] G. 伽莫夫,[哥伦比亚] 加西亚·马尔克斯,[美] Paul Graham,曹文轩,[明] 施耐庵,齐邦媛,纳训,中国基督教协会,王小波,[美] 安迪·威尔,[俄] 陀思妥耶夫斯基,[意] 埃莱娜·费兰特,(葡)若泽·萨拉马戈,孙武,汪曾祺,张爱玲,冯友兰,[美] 艾萨克·阿西莫夫,老舍,[日] 原研哉,[英] 夏洛蒂·勃朗特,金宇澄,[美] 埃里克·霍弗,[加拿大] 阿利斯泰尔·麦克劳德,[日] 东野圭吾,[日] 乙一,[美] 悉达多·穆克吉,[英] 肯·福莱特,三浦紫苑,[美] 罗伯特·西奥迪尼,迟子建,[奥] 斯台芬·茨威格,(英)威廉·萨默塞特·毛姆,[美] 特德·姜,[日] 村上春树,[德] 帕·聚斯金德,孙通海 译注,三毛,[美] E.B.怀特,[日] 村上春树,[日] 岛田洋七,[日] 是枝裕和,无,汤显祖,卢梭,[日]凑佳苗,(英)弗里德利希·奥古斯特·哈耶克,古龙,[奥] 斯蒂芬·茨威格,[白俄] S. A. 阿列克谢耶维奇,古龙,[美] 保罗·卡拉尼什,[德]赫尔曼·黑塞,[日] 三岛由纪夫,刘亮程,海明威,任东来,[美] 安东尼·刘易斯,鲁迅,费曼,[英] 罗素,(捷克) 赫拉巴尔,[英] 莎士比亚,[瑞典] 阿斯特丽德·林格伦,[英] 阿道司·赫胥黎,老舍,[英] 阿瑟·克拉克,[法国] 儒尔·凡尔纳,阿来,[美] 理查德·格里格,[法] 米歇尔·福柯,桐华,[美] 卡森·麦卡勒斯,（英）勃朗特,Elliot Aronson,严歌苓,[美] 尼尔·波兹曼,阿城,古龙,[美] 斯科特·菲茨杰拉德
 人民文学出版社 , 作家出版社 , 南海出版公司 , 北京十月文艺出版社 , 译林出版社 , 重庆出版社 , 人民文学出版社 , 南海出版公司 , 群众出版社 , 上海译文出版社 , 人民文学出版社 , 北京联合出版公司 , 生活.读书.新知三联书店 , 哈尔滨出版社 , 人民文学出版社 , 人民文学出版社 , 中信出版社 , 人民文学出版社 , 中国青年出版社 , 人民文学出版社 , 南海出版公司 , 上海译文出版社 , 中国海关出版社 , 译林出版社 , 生活·读书·新知三联书店 , 上海译文出版社 , 人民文学出版社 , 上海译文出版社 , 生活·读书·新知三联书店 , 上海人民出版社 , 人民文学出版社 , 生活·读书·新知三联书店 , 花城出版社 , 南海出版公司 , 上海译文出版社 , 上海译文出版社 , 上海译文出版社 , 人民文学出版社 , 生活·读书·新知三联书店 , 人民文学出版社 , 重庆出版社 , 中国青年出版社 , 人民文学出版社 , 上海人民出版社 , 人民文学出版社 , 人民文学出版社 , 花城出版社 , 春风文艺出版社 , 生活·读书·新知三联书店 , 人民文学出版社 , 广西师范大学出版社 , 生活·读书·新知三联书店 , 辽宁教育出版社 , 中华书局 , 人民文学出版社 , 广西美术出版社 , 南海出版公司 , 哈尔滨出版社 , 人民文学出版社 , 广西师范大学出版社 , 电子工业出版社 , 上海人民出版社 , 上海译文出版社 , 译林出版社 , 生活·读书·新知三联书店 , 上海古籍出版社 , 广西师范大学出版社 , 南海出版公司 , 上海锦绣文章出版社 , 江苏凤凰文艺出版社 , 人民文学出版社 , 生活·读书·新知三联书店 , 北京出版社 , 江苏凤凰文艺出版社 , 上海人民出版社 , 译林出版社 , 四川文艺出版社 , 译林出版社 , 陕西人民出版社 , 译林出版社 , 人民文学出版社 , 百花文艺出版社 , 哈尔滨出版社 , 浙江人民出版社 , 广州出版社 花城出版社 , 北京十月文艺出版社 , 1998-1-1 , 上海译文出版社 , 人民文学出版社 , 上海人民出版社 , 北岳文艺出版社 , 南海出版公司 , 湖南科学技术出版社 , 人民文学出版社 , 译林出版社 , 译林出版社 , 作家出版社 , 上海译文出版社 , 新星出版社 , 生活·读书·新知三联书店 上海三联书店 , 上海人民出版社 , 生活·读书·新知三联书店 , 生活·读书·新知三联书店 , 2013-8 , 中信出版社 , 人民文学出版社 , 上海译文出版社 , 上海译文出版社 , 作家出版社 , 人民文学出版社 , 生活·读书·新知三联书店 , 人民文学出版社 , 上海三联书店 , 哈尔滨出版社 , 人民文学出版社 , 生活·读书·新知三联书店 , 人民文学出版社 , 天津人民出版社 , 文汇出版社 , 广西师范大学出版社 , 四川科学技术出版社 , 机械工业出版社 , 北京十月文艺出版社 , 广西师范大学出版社 , 时代文艺出版社 , 人民文学出版社 , 上海译文出版社 , 南海出版公司 , 解放军文艺出版社 , 四川科学技术出版社 , 重庆 , 1987-1-1 , 北京十月文艺出版社 , 北京十月文艺出版社 , 中信出版社 , 上海社会科学院出版社 , 云南人民出版社 , 上海世纪出版集团 , 万卷出版公司 , 北京十月文艺出版社 , 人民文学出版社 , 中国城市出版社 , 上海三联书店 , 生活·读书·新知三联书店 , 湖南文艺出版社 , 北京大学出版社 , 广西师范大学出版社 , 人民邮电出版社 , 生活·读书·新知三联书店 , 上海人民出版社 , 北京十月文艺出版社 , 译林出版社 , 人民文学出版社 , 上海译文出版社 , 上海译文出版社 , 花城出版社, 生活·读书·新知三联书店 , 三联书店 , 湖南科技出版社 , 人民文学出版社 , 漓江出版社 , 天津人民出版社 , 长江文艺出版社 , 作家出版社 , 南海出版公司 , 中国友谊出版公司 , 北京十月文艺出版社 , 人民文学出版社 , 世界图书出版公司 , 商务印书馆 , 科学出版社 , 南海出版公司 , 人民邮电出版社 , 江苏少年儿童出版社 , 人民文学出版社 , 生活·读书·新知三联书店 , 人民文学出版社 , 中国基督教协会 , 花城出版社 , 译林出版社 , 上海译文出版社 , 人民文学出版社 , 南海出版公司 , 上海古籍出版社 , 江苏文艺出版社 , 哈尔滨出版社 , 新世界出版社 , 江苏凤凰文艺出版社 , 人民文学出版社 , 山东人民出版社 , 世界图书出版公司 , 上海文艺出版社 , 广西师范大学出版社 , 上海文艺出版社 , 南海出版公司 , 当代世界出版社 , 中信出版社 , 江苏凤凰文艺出版社 , 广西师范大学出版社 , 中国人民大学出版社 , 北京十月文艺出版社 , 上海译文出版社 , 译林出版社 , 译林出版社 , 上海译文出版社 , 上海译文出版社 , 中华书局 , 北京十月文艺出版社 , 上海译文出版社 , 上海译文出版社 , 南海出版公司 , 北京联合出版公司 ,中华书局, 人民文学出版社 , 商务印书馆 , 哈尔滨出版社 , 中国社会科学出版社 , 珠海出版社 , 广西师范大学出版社 , 中信出版集团 , 海天出版社 , 猫头鹰文化·浙江文艺出版社 , 上海译文出版社 , 上海译文出版社 , 春风文艺出版社 , 上海译文出版社 , 中国法制出版社 , 北京大学出版社 , 人民文学出版社 , 生活·读书·新知三联书店 , 商务印书馆 , 北京十月文艺出版社 , 人民文学出版社 , 中国少年儿童出版社 , 重庆出版社 , 人民文学出版社 , 上海人民出版社 , 译林出版社 , 人民文学出版社 , 人民邮电出版社 , 生活·读书·新知三联书店 , 江苏文艺出版社 , 上海三联书店 , 人民文学出版社 , 华东师范大学出版社 , 作家出版社 , 广西师范大学出版社 , 江苏文艺出版社 , 珠海出版社 , 南海出版公司 
 1996, 2012, 2011, 2010, 2000, 2012, 1998, 2013, 1981, 2007, 2003, 2018, 1994, 2003, 1997, 2008, 2014, 1991, 1997, 2005, 2012, 2010, 2009, 2012, 1994, 2006, 2006, 1991, 2001 , 2006, 2006, 1997, 2008, 2008, 2012, 2011, 2007, 1973年3月 , 1999, 2017, 2013, 2003, 1993, 2006, 1994, 2018, 1999, 2002, 1997, 2008, 2013, 1994, 2006, 1982, 1992, 2008, 1998, 2003, 2012, 2013, 2011, 2007, 2006, 2012, 2013, 1998, 2010, 2003, 2008, 2014, 2004, 2003, 2006, 2016, 2009, 2011, 2015, 1997, 1996, 2006, 1999, 2005, 2004, 2015, 2008, 2007, 0.65, 2007, 1972年4月 , 2016, 2002, 2019, 2010, 2006, 2010, 2003, 2011, 2007, 2012, 2012, 2008, 2009, 2009, 76.00元, 2011, 1973年3月 , 2008, 2013, 2007, 1973, 2004, 2015, 2010, 2003, 1999, 2009, 2008, 2004, 2005, 2004, 2005, 2003, 2006, 2010.10 , 2009, 2017, 2010, 2014, 2005, 2005, 2012, 21.00元, 2007, 2008, 2008, 2003, 2010, 2006, 2010, 2006, 2006, 2010, 2009, 2004, 2013, 2012, 2015, 2006, 2005, 2009, 2008, 1998, 1999, 2015, 2008,铁葫芦图书 , 2006, 1999, 2011, 1998, 1987, 2014, 2009, 1999, 2009, 2007, 2007, 1999, 2007, 1986, 2002, 2013, 2011, 2009, 1997, 2010, 2003, 1996, 1997, 2015, 2006, 2017, 2014, 2006, 2005, 2005, 2004, 2015, 2002, 2006, 2003, 2013, 2011, 2015, 2009, 2007, 2013, 2017, 2015, 2006, 2005, 2007, 2012, 2015, 2002, 2005, 2007, 2009, 2004, 2007, 2007, 2017,2006, 1963, 2003, 2010年6月 , 1997, 2005, 2004, 2016, 1991, 2016, 2008, 2009, 2006, 1999, 2014, 2011, 1973, 1997, 1963, 2011, 2001, 1999, 2005, 2000, 2007, 2002, 1998, 2003, 2003, 2010, 2005, 1999, 2007, 2008, 2011, 2016, 2005, 2012
 59.70, 20.00, 39.50, 28.00, 40.00, 168.00, 39.50, 39.50, 53.00, 10.00, 22.00, 45.00, 96.0, 15.80, 25.00, 498.00,68.00, 19.00, 27.00, 64.00, 39.50, 22.00, 358.20, 32.00, 76.80, 15.00, 29.90, 43.90, 12.00, 29.00, 18.00, 18.00, 34.00, 28.00, 36.00, 33.00, 18.00, 0.36, 47.00, 59.00, 330.00, 16.00, 13.00, 38.00, 21.45, 62, 19.00, 25.00, 19.00, 19.00, 98.00, 76.80, 32.00, 125.00, 66.00, 280.00, 16.80, 15.80, 39.00, 39.80, 55.00, 28.00, 25.00, 30.00, 88.00, 9.80, 38.00, 20.00, 18.00, 32.00, 47.20, 18.80, 19.90, 129.80, 20.00, 28.00, 35.00, 23.30, 4.50, 16.00, 15.40, 19.00, 16.80,54.90, 108.00, 28.00,0, 32.00, 0.25, 39.00, 12.00, 59.00, 45.00, 21.00, 35.00, 6.00, 35.00, 20.00, 29.80, 38.00, 28.00, 43.00, 28.00,0, 68.00, 0.37, 15.00, 34.00, 26.00, 0.20, 25.00, 198.00, 25.00, 13.80, 5.70, 39.00, 26.00, 18.00, 25.00, 32.00, 22.00, 88.00, 29.80, 46.00, 30.00, 62.00, 29.00, 39.50, 28.00, 16.00, 32.00,0, 28.00, 29.80, 32.00, 25.00, 22.00, 45.00, 25.00, 28.00, 22.00, 28.80, 25.00, 21.80, 55, 168.00, 36.00, 68.00, 32.00, 25.00, 36.00, 28.00, 10.20, 23.00, 12.00, 2014-6-15 , 19.80, 47.00, 26.00, 20.00, 3.95, 68.00, 29.80, 13.00, 25.00, 25.00, 28.00, 9.20, 68.00, 28.00, 29.00, 25.00, 49.00, 18.00, 50.60, 39.00, 22.0,0, 29.00, 38.00, 23.00, 42.00, 29.50, 20.00, 20.00, 13.5, 38.00, 328.00, 9.80, 48.00, 18.00, 48.00, 34.00,20.00, 18.00, 20.00, 42.00, 132.00（全三册）, 39.00, 45.00, 29.00, 23.00, 36.00, 36.00, 23.00, 20.00, 20.00, 18.00, 17.00, 23.00, 20.00, 36.80,9.8元, 14.50, 18.00, 26.00, 16.00, 28.00, 18.00, 55.00, 49.8, 48.00, 13.00, 24.00, 28.00, 8.20, 35.00, 32.00, 0.31 , 22.00, 25.00, 22.00, 7.00, 17.80, 20.00, 12.00, 28.00, 19.50, 22.0, 88.00, 21.80, 23.80, 25.00, 27.30, 45.00, 28.00, 29.80, 58.00, 94.00, 25.00
9.6,9.4,9.2,9.3,9.3,9.4,9.2,9.1,9.2,9.2,9.0,9.2,9.1,9.2,9.2,9.7,9.1,8.9,9.1,9.0,9.0,9.0,9.1,9.2,9.0,9.0,9.1,9.0,9.2,8.9,9.0,8.9,9.2,8.9,9.0,9.0,9.0,8.9,9.0,9.0,9.5,9.0,8.8,9.2,9.0,9.1,8.8,9.1,9.0,8.9,9.1,8.9,9.2,9.5,9.0,9.6,8.8,8.9,9.2,8.8,9.0,8.8,9.4,9.1,9.1,9.0,8.9,8.7,8.8,9.0,8.9,8.7,9.4,8.9,9.0,8.8,9.0,9.0,9.4,8.8,8.9,8.9,8.9,9.0,8.8,8.8,9.3,9.0,8.8,8.8,8.7,8.9,8.8,8.9,9.0,9.1,8.8,8.7,9.0,9.0,9.2,9.2,8.8,9.3,8.7,8.9,8.8,9.1,8.8,9.3,9.0,8.9,8.6,8.8,8.8,8.6,8.6,8.6,8.8,9.2,8.7,9.1,8.7,9.1,9.0,8.7,8.8,8.5,8.9,8.8,8.7,9.1,9.1,9.2,8.6,8.6,8.8,8.7,9.1,8.6,8.7,8.8,8.6,8.8,8.7,9.1,9.0,9.0,9.1,9.0,9.3,8.6,9.1,8.9,8.7,9.0,8.9,8.6,8.9,8.8,9.2,9.2,8.7,8.8,8.6,8.8,8.7,8.6,8.9,8.7,9.1,8.7,8.7,9.0,8.6,8.7,8.7,9.0,8.7,8.9,9.1,8.5,9.1,9.4,9.0,8.6,8.9,9.5,9.0,8.6,8.5,8.7,8.9,9.1,8.4,8.6,9.1,8.8,9.0,8.6,9.0,9.1,9.0,8.6,8.6,8.5,9.4,8.9,8.6,8.5,8.7,8.7,9.0,9.0,8.8,8.5,8.8,8.8,8.7,8.8,8.7,8.8,9.0,8.7,8.9,8.4,9.1,8.9,9.2,8.9,8.9,8.8,8.6,9.0,8.6,8.4,9.1,8.5,8.5,8.8,9.2,8.7,8.5,8.4,9.1,8.6,8.5,9.2,8.7,8.7
274508,455238,278201,136069,150147,35909,115220,240237,87272,83194,550331,158551,98228,64997,82741,12681,122914,359387,94345,239881,172700,117734,76689,68578,84903,121646,80899,96099,40266,625227,91161,136570,25296,394426,35316,40012,51957,84859,61453,40722,7664,92354,179364,32146,65650,30941,119060,54439,35436,93180,32283,77320,20731,15849,47378,13672,183123,43114,37513,266169,25450,88199,13670,20925,25812,37576,32232,151038,80363,22180,55034,228598,15572,63970,23333,54872,31612,30174,12336,33271,31642,51083,48353,22712,43828,72593,12747,18748,79624,31086,171720,39475,44565,26067,17842,14748,41996,102024,16530,17814,14659,14609,59434,11753,45743,19964,27378,17713,34358,10295,12636,3522,124504,32737,40876,179677,99415,83607,29166,9226,50868,14244,33892,13776,13973,29922,27793,622215,18438,17097,38682,12837,14109,8786,9615,55665,16989,29708,10795,67325,34503,17791,68105,16992,53267,8876,14048,16504,9991,13813,13171,43836,11483,14417,44309,13185,11881,47484,15339,17588,11117,9290,35277,20050,115679,14427,38208,57137,13140,21286,9070,21525,18020,17057,55107,24586,42137,15298,19122,11906,10408,52882,10540,7852,13720,47482,14498,4327,12331,28920,182836,17934,9559,8834,186814,33086,7726,18904,10142,38115,12050,8079,7997,20489,36256,35589,6939,13517,49195,92275,17422,23590,11352,8707,12746,9756,12099,12377,18721,12976,15921,14713,9521,18863,11034,149801,6501,8188,6792,8193,11104,10331,34033,7352,19727,144164,6256,76043,50039,15717,5813,18463,28275,100121,7841,27054,33051,7257,16418,20105
都云作者痴，谁解其中味？,生的苦难与伟大,魔幻现实主义文学代表作,栗树荫下，我出卖你，你出卖我,革命时期的爱情，随风而逝,地球往事三部曲,是非成败转头空,一宗离奇命案牵出跨度近20年步步惊心的故事,名侦探的代名词,太阳底下并无新事,献给长成了大人的孩子们,向死而生的文学绝唱,有情皆孽，无人不冤,游荡的自由灵魂,为了争取未来的一代,从9¾站台开始的旅程,跟着人类一同走过十万年,幽默的语言和对生活深刻的观察,沉默是沉默者的通行证,中国当代城乡生活全景,义无反顾地直达爱情的核心,人生在世，永远也不该演戏作假,不拘一格的历史书写,有一种东西不能遵循从众原则，那就是——人的良心,欲练此功，必先自宫,有多少人会经历顿悟，就有更少的人甘愿自我放逐,豆瓣电影Top1原著,一个报恩复仇的故事，以法国波旁王朝和七月王朝为背景,一部简明的“中国政治制度史”,为你，千千万万遍,谋杀诡计惊人，波洛的抉择耐人寻味,见微知著，历史观的颠覆,一段尘封四十年的历史,数学好是一种极致的浪漫,外国人眼中的涪陵,《纽约客》驻北京记者驾车漫游中国大陆的经历,一把刀的锋刃不容易越过；因此智者说得救之道是困难的,新文学的第一声呐喊,侠之大者，为国为民,探索青年时代的激情、困惑、挣扎、背叛和失去,乔治·R·R·马丁史诗奇幻小说,长亭外，古道边，芳草碧连天,所有现代言情小说的母体,中国乡土社会传统文化和社会结构理论研究代表作,一本有教育意义的书,我的整个生命，只是一场为了提升社会地位的低俗斗争。,我想爱，想吃，还想在一瞬间变成天上半明半暗的云,这是你的罪孽与福祉,窥见美国社会的一扇窗,童谣杀人案,木心留给世界的礼物,至情至性，情大于武,量子物理史话,史家之绝唱，无韵之离骚,现实主义与浪漫主义的至高杰作,从最早的洞窟绘画到当今的实验艺术,以博大的温情描绘磨难中的人生,沙漠中寻常的生与死,一轴关于我们民族灵魂的现实主义画卷,在这里看见中国,了解IT领域的入门读物,唯有希望与爱可以驱散阴霾,错综复杂的社会、家庭矛盾和人性悲剧,是不是真的只有先与人疏离，才能最终与他们在一起？,个人命运背后的历史变局,以新眼光评旧文学,白先勇短篇小说集,真正懂孩子的教育经,王小波与李银河的两地书,关于时间旅行的终极奥秘和恢宏构想,神魔皆有人情，精魅亦通世故,家庭生活回忆录,思无邪,五个家族，一场战争,在那最绝望的一刹那，他突然听到了生命之河永恒的声音……,平淡叙述下的惊心动魄,这个发生在瑞典的故事，如生命庆典般绚丽斑斓,“教父三部曲”电影原著,中国历史上首部完整的哲学著作,每一座城市都只在想象中耸立，又在描述中坍圮,无,萧红的童年往事,一个淡泊清透的世界,关于衰老与死亡，你必须知道的常识,武侠的解构，流氓的狂欢,哀而不伤,熟读唐诗三百首，不会吟诗也会吟,在混沌纷扰的生活漩流中，寻求人生的真谛,在纷扰中寻出一点闲静,即使不能拥有完美的生活，所幸追求过完整的自我,一切充满了善，然而到处是不凑巧,我来自一个极少有人能想象的家庭，教育给了我新世界,探索时间和空间的核心秘密,阿加莎·克里斯蒂代表作,伊坂幸太郎代表作,一颗纯美纯善、永难泯灭的童心,翻手为苍凉，覆手为繁华,暗恋的极致,阿勒泰的精灵,1768年中国妖术大恐慌,对世俗、实用问题深刻而透彻的讨论,中国美学经典之作,我们现在怎样做母亲,钱穆中国通史,完美主义者的最高形态,路漫漫其修远兮，吾将上下而求索,谦恭地、勇敢地、真诚地和有纪律地爱他人,用别样的监禁生活再现某种监禁生活，与用不存在的事表现真事同等合理,哲学启蒙书,我以这一丛野草，在明与暗，生与死，过去与未来之际，献于友与仇，人与兽，爱者与不爱者之前作证。,在法治国家里，民众怎样运用法律,一轴腥风血雨的乱世长卷，中国版《冰与火之歌》,在这本书里，被“审视”的东西杂七杂八,从遥远的撒哈拉到敦煌戈壁,苟不记之笔墨，未免有辜彼苍之厚,不必追,弭平代沟，跨越文化阻隔,一场同名同姓的误会，两段可贵的爱情,中国人，你为什么不生气,一个高贵而残破的昨日镜像,量子之外，没有真相,经济学家们的世界观,“一对平凡的夫妻”之间的“一点真心”,写给那一群， 在最深最深的黑夜里， 独自彷徨街头， 无所依归的孩子们,我们好象在池塘的水底，从一个月亮走向另一个月亮,探索中年的虚无、困惑、野心和近乎残暴的爱,无,现代人内心流失的东西，这家杂货店能帮你找回,面对强大的对手，明知不敌，也要毅然亮剑,一场穿越银河的冒险,揭去生活的面纱,收录自先秦至明末的散文二百二十二篇,三毛在加纳利群岛的生活,梵高悲惨而成就辉煌的人生,中国企业1978—2008,日常的奇迹,描写疆北阿勒泰地区生活和风情的原生态散文集,人类社会的命运,白雪和阳光，青草和白桦林,世钧，我们回不去了,阿加莎·克里斯蒂代表作,活泼的生命完全无须借助魔法，便能对我们述说至美至真的故事,公民养成手册,美国政治法律制度的基本原理和操作细节,耿耿余淮,从史前史到21世纪,当声称能改造智能的科学实验选中心智障碍主角,人们是如何思索、影响他人并与他人建立联系的,鸦片战争再研究,少年辛克莱寻找通向自身之路的艰辛历程,北平沦陷时代广大平民的悲惨遭遇,澳洲乱世情,人间，只是抹去了脂粉的脸,一个谜语，谜底正是时间,人生，远比地狱更像地狱,真实记录切尔诺贝利核灾难事件,20世纪中国知识分子的心灵史,不识张郎是张郎,一个母亲、妻子、女儿的生命日记,火焰是我们诗歌唯一的读者,江南乡镇民间生活，健康淳朴的人性,材质、结构、风格和银幕剧作的原理,一句胜过千年,我从未真正见过火，也未见过毁灭，更不知新生,你自己就是最大的宝藏,佛陀的证悟,三毛少女时代的成长感受,一幕人生大悲剧，在一个雷雨夜爆发,电影入门经典之作,人类历史上最早的乌托邦,科学中的事实和臆测,我如此急切地想要讲述这桩案件，也许是它最终确定了我的作家生涯,硅谷创业之父Paul Graham文集,男孩桑桑刻骨铭心、终身难忘的六年小学生活,替天行道,两代人从巨流河到哑口海的故事,阿拉伯地区的古代民间传说,上帝说，要有光,唐人传奇贯注现代情趣,跟火星来一场不是你死就是我活的过家家游戏,描绘人内心的全部深度,“那不勒斯四部曲”第一部，两个女人，50年的友谊和战争,失明症迅速蔓延，整个城市陷入一场空前的灾难,我国最古老最杰出的一部兵书,我就是要这样香，香得痛痛快快,一个小商人家庭出身的女子曹七巧的心灵变迁历程,中国哲学入门书,阿西莫夫经典科幻小说,清末、民初、抗战胜利以后三个历史时期的北京生活风貌,日常生活的无限可能性,灰姑娘在十九世纪,海上繁花，请静观静读,探讨群众运动的共有特征,男女之间、父母与子女之间紧密的纽带和难以逾越的鸿沟,将手记体叙事的无限可能发挥得淋漓尽致,噩梦中的一丝温度,癌症传,我亲眼目睹，每一个迈向死亡的生命都在热烈地生长,明明这么痛苦，这么难过，为什么就是不能放弃跑步？,营销防骗指南,东北少数民族鄂温克人生存现状及百年沧桑,纳粹法西斯对人心灵的折磨及摧残,在各种光怪陆离的场景中，迷失的人性引发了一连串的悲剧,特德·姜科幻小说集,交叉平行蒙太奇,每一次谋杀只因迷恋她们身上的味道,野马也，尘埃也，生物之以息相吹也,三毛在加纳利群岛上的生活,一个蜘蛛和小猪的故事，写给孩子，也写给大人,像喜欢春天的熊一样,乐观的外婆却总有神奇的办法,人生路上，步履不停，总有那么一点来不及,仁远乎哉？我欲仁，斯仁至矣,不到园林，怎知春色如许,一个国家只能有一个契约,无,古典自由主义杰作,坚持自己的信念，在贫穷中获得欢乐与友谊,十四个影响人类文明的瞬间,用最为细小的马赛克拼出了一幅完整的后苏联时代图景,流水滔滔斩不断，情丝百结冲不破,你在死亡中探究生命的意义，你见证生前的呼吸化作死后的空气,“超现实主义”风格作品，德国的《尤利西斯》,他的犯罪动机是对美的嫉妒,他是真正的作家，也是真正的农民,正是悲壮赋予生活以意义,25个案例异彩纷呈，美国宪政的酸甜苦辣尽在其中,新闻自由史上的里程碑案件：《纽约时报》诉沙利文案,拾取古代传说，取一点因由，随意点染,科学顽童的故事,西方哲学史及其与从古代到现代的政治、社会情况的联系,我为它而活着，并为写它推迟了我的死亡,生存还是毁灭，这是一个值得思考的问题,无,最经典的反乌托邦文学之一,旧中国老北京贫苦市民的典型命运,科幻三巨头之一阿瑟·克拉克代表作,你听说过鹦鹉螺号吗？,一个傻子的土司家族传奇,是教科书，也是通俗易懂的好读物,伴随着惩罚的人性化，自由反而日益丧失了,青春的逝去并不可怕，可怕的是失去了勇敢地热爱生活的心,镇上有两个哑巴，他们总是在一起,近乎暴虐的爱与恨,美国社会心理学的《圣经》,两个女人的史诗,一切公众话语都日渐以娱乐的方式出现，一切文化内容都成为娱乐的附庸,无,“我是陆小凤，四条眉毛的陆小凤。”,无
